INSERT INTO public.users (id,"createdAt","updatedAt","deletedAt",name,"password") VALUES
	 ('bf230a52-0629-4db6-b19a-255d807ea1a8','2023-06-19 18:23:17.18113','2023-06-19 18:23:17.18113',NULL,'Bruno','');
   
INSERT INTO public.ips (id,"createdAt","updatedAt","deletedAt",ip,active) VALUES
	 ('0d4779f6-49a0-4aee-99af-18439c3e2eac','2023-06-17 09:04:04.526391','2023-06-17 09:04:04.526391',NULL,'::1',true),
	 ('97a02ea6-f39b-423f-b992-6dc35b2e21a7','2023-06-17 09:44:47.233884','2023-06-17 09:44:47.233884',NULL,'127.0.0.1',true),
	 ('ebbd7373-2f62-4d78-9c69-d5f59d04b718','2023-06-17 09:44:47.233884','2023-06-17 09:44:47.233884',NULL,'::ffff:127.0.0.1',true);
   
INSERT INTO public.years (id,"createdAt","updatedAt","deletedAt","year") VALUES
	 ('a837b09c-689f-4849-b0b1-e82f94add886','2023-06-17 16:40:59.221117','2023-06-17 16:40:59.221117',NULL,2023),
	 ('dd9027ef-61c1-4c91-b03a-76249874189a','2023-06-23 23:23:48.911936','2023-06-23 23:23:48.911936',NULL,2022);
   
INSERT INTO public.months (id,"createdAt","updatedAt","deletedAt","month",obs,"yearId") VALUES
	 ('af0ac894-3543-4968-ab69-648a5aae1e04','2023-06-17 16:42:36.850376','2023-06-17 16:42:36.850376',NULL,1,'','a837b09c-689f-4849-b0b1-e82f94add886'),
	 ('4b921625-7f00-4a5f-b36d-3417bd5430af','2023-06-23 23:24:17.301552','2023-06-23 23:24:17.301552',NULL,2,'','a837b09c-689f-4849-b0b1-e82f94add886'),
	 ('dfc5fd5a-88f0-4bb2-a603-f8905db00ef7','2023-06-23 23:24:48.402282','2023-06-23 23:24:48.402282',NULL,1,'','dd9027ef-61c1-4c91-b03a-76249874189a'),
	 ('0685e41b-7c54-46ad-a471-065ca54a4fcb','2023-06-23 23:24:52.799248','2023-06-23 23:24:52.799248',NULL,2,'','dd9027ef-61c1-4c91-b03a-76249874189a'),
	 ('785af659-4d9c-4db5-8f7d-872329cfe3c3','2023-06-23 23:24:55.69653','2023-06-23 23:24:55.69653',NULL,3,'','dd9027ef-61c1-4c91-b03a-76249874189a'),
	 ('3ad222a6-3e77-47fb-9dda-8642c4881978','2023-06-23 23:25:11.329008','2023-06-23 23:25:11.329008',NULL,4,'','dd9027ef-61c1-4c91-b03a-76249874189a'),
	 ('e55a93d9-5b5b-4f98-8bf7-c5f3ab123dbc','2023-06-23 23:25:17.288634','2023-06-23 23:25:17.288634',NULL,5,'','dd9027ef-61c1-4c91-b03a-76249874189a'),
	 ('53403ddd-4b2f-4355-ab10-96b75034ce87','2023-06-23 23:28:43.825644','2023-06-23 23:28:43.825644',NULL,6,'','dd9027ef-61c1-4c91-b03a-76249874189a'),
	 ('c41967fe-00fd-4e4a-b9ca-4d3c73b21f13','2023-06-23 23:28:45.895268','2023-06-23 23:28:45.895268',NULL,7,'','dd9027ef-61c1-4c91-b03a-76249874189a'),
	 ('ca727365-4db5-4540-8663-098f9228933f','2023-06-23 23:28:47.675942','2023-06-23 23:28:47.675942',NULL,8,'','dd9027ef-61c1-4c91-b03a-76249874189a'),
	 ('77d17881-ec56-47ef-990e-572e29e16d3b','2023-06-23 23:28:49.219161','2023-06-23 23:28:49.219161',NULL,9,'','dd9027ef-61c1-4c91-b03a-76249874189a'),
	 ('e7b01183-911f-48c1-a32a-cc74fb011994','2023-06-23 23:28:51.089929','2023-06-23 23:28:51.089929',NULL,10,'','dd9027ef-61c1-4c91-b03a-76249874189a'),
	 ('4aa4ef5d-1ade-4e29-8730-90394ad497fb','2023-06-23 23:28:53.588152','2023-06-23 23:28:53.588152',NULL,11,'','dd9027ef-61c1-4c91-b03a-76249874189a'),
	 ('7cb165a2-7b4d-4fff-8a35-cb8433b270b5','2023-06-23 23:28:55.321216','2023-06-23 23:28:55.321216',NULL,12,'','dd9027ef-61c1-4c91-b03a-76249874189a');

INSERT INTO public.monthly_expenses (id,"createdAt","updatedAt","deletedAt",value,description,"monthId") VALUES
	 ('79c32b7c-2096-4c13-9902-2e5828caf62e','2023-06-28 17:44:19.856968','2023-06-28 17:44:19.856968',NULL,110,'Muay Thai','4b921625-7f00-4a5f-b36d-3417bd5430af'),
	 ('e5a43bd7-17bd-4eed-bafd-a7956697a5f9','2023-06-28 17:44:36.639608','2023-06-28 17:44:36.639608',NULL,224.99,'Faculdade','4b921625-7f00-4a5f-b36d-3417bd5430af'),
	 ('22b493d2-5a0b-4c0c-93cf-06928d22f8bf','2023-06-28 17:44:57.970038','2023-06-28 17:44:57.970038',NULL,224.99,'Faculdade','af0ac894-3543-4968-ab69-648a5aae1e04'),
	 ('17e4bd81-8cf0-4a4e-936d-6c490e727f7f','2023-06-28 17:45:08.681107','2023-06-28 17:45:08.681107',NULL,110,'Muay Thai','af0ac894-3543-4968-ab69-648a5aae1e04'),
	 ('26035fc3-a908-48dc-b021-5c41246627f7','2023-06-28 17:45:23.626907','2023-06-28 17:45:23.626907',NULL,110,'Muay Thai','7cb165a2-7b4d-4fff-8a35-cb8433b270b5'),
	 ('d8939ba4-9281-4538-979c-d4714de38241','2023-06-28 17:45:33.149135','2023-06-28 17:45:33.149135',NULL,224.99,'Faculdade','7cb165a2-7b4d-4fff-8a35-cb8433b270b5');

INSERT INTO public.monthly_incomes (id,"createdAt","updatedAt","deletedAt",value,description,"monthId") VALUES
	 ('7983d4ce-6fa9-4f3a-91a6-c8d650ebb824','2023-06-28 17:39:59.555173','2023-06-28 17:39:59.555173',NULL,3600,'Salário','4b921625-7f00-4a5f-b36d-3417bd5430af'),
	 ('971b9db8-dff9-4468-99ef-d936a02d3f9c','2023-06-28 17:40:19.84273','2023-06-28 17:40:19.84273',NULL,3600,'Salário','af0ac894-3543-4968-ab69-648a5aae1e04'),
	 ('4d5dfee3-477f-48de-8e30-eaf2b7916206','2023-06-28 17:40:38.87225','2023-06-28 17:40:38.87225',NULL,3000,'Salário','7cb165a2-7b4d-4fff-8a35-cb8433b270b5');


INSERT INTO public.categories (id,"createdAt","updatedAt","deletedAt",name,color,percentage,"monthId") VALUES
	 ('2dc10cd0-9aec-4511-ad4e-c03a1c073b7d','2023-06-24 00:22:24.381685','2023-06-24 00:22:24.381685',NULL,'Livres','green',40,'4b921625-7f00-4a5f-b36d-3417bd5430af'),
	 ('c6ecbcf9-067f-48ab-b47a-3dcfd174ee3c','2023-06-24 00:23:07.604716','2023-06-24 00:23:07.604716',NULL,'Educação','yellow',10,'4b921625-7f00-4a5f-b36d-3417bd5430af'),
	 ('8ba8281d-b21e-464f-b6d1-83f1b567fa54','2023-06-24 00:23:59.57093','2023-06-24 00:23:59.57093',NULL,'Essenciais','red',50,'4b921625-7f00-4a5f-b36d-3417bd5430af'),
	 ('ce8dad47-02bf-46d7-a128-f0f859c1d3cb','2023-06-24 00:24:46.677929','2023-06-24 00:24:46.677929',NULL,'Essenciais','red',50,'af0ac894-3543-4968-ab69-648a5aae1e04'),
	 ('6f13702a-58fd-44c1-85ad-8aa3c8c4628a','2023-06-24 00:25:02.181269','2023-06-24 00:25:02.181269',NULL,'Educação','yellow',10,'af0ac894-3543-4968-ab69-648a5aae1e04'),
	 ('fdd7393f-4e81-4ed8-8b15-512b3f3af06c','2023-06-24 00:25:15.141612','2023-06-24 00:25:15.141612',NULL,'Livres','green',40,'af0ac894-3543-4968-ab69-648a5aae1e04'),
	 ('247cc830-e7db-41f9-a0c5-0a0f4188907c','2023-06-24 00:25:35.878802','2023-06-24 00:25:35.878802',NULL,'Livres','green',40,'7cb165a2-7b4d-4fff-8a35-cb8433b270b5'),
	 ('ed18d13d-098c-4643-b652-0e530ff8ee8d','2023-06-24 00:26:05.887185','2023-06-24 00:26:05.887185',NULL,'Educação','yellow',10,'7cb165a2-7b4d-4fff-8a35-cb8433b270b5'),
	 ('6443a721-ccbc-4109-bdd9-be59956c01e2','2023-06-24 00:26:24.981738','2023-06-24 00:26:24.981738',NULL,'Essenciais','green',50,'7cb165a2-7b4d-4fff-8a35-cb8433b270b5');

INSERT INTO public."groups" (id,"createdAt","updatedAt","deletedAt",name,color,"categoryId") VALUES
	 ('ae89d070-d631-48b4-8c57-5e33f3fd7d7a','2023-06-24 00:29:21.184901','2023-06-24 00:29:21.184901',NULL,'Nick','blue','6443a721-ccbc-4109-bdd9-be59956c01e2'),
	 ('ba95cf07-1406-4278-b6dd-e1f9bbb8c9e2','2023-06-24 00:29:45.914438','2023-06-24 00:29:45.914438',NULL,'Nick','blue','ce8dad47-02bf-46d7-a128-f0f859c1d3cb'),
	 ('c128a0da-9ae3-40e9-98a2-22a8ed6fce4a','2023-06-24 00:30:07.171521','2023-06-24 00:30:07.171521',NULL,'Nick','blue','8ba8281d-b21e-464f-b6d1-83f1b567fa54'),
	 ('54d29e59-f35b-415e-8524-146523deed0a','2023-06-24 00:30:37.35293','2023-06-24 00:30:37.35293',NULL,'Cursos','orange','ed18d13d-098c-4643-b652-0e530ff8ee8d'),
	 ('f21d7587-9d89-4da3-9d5f-e0db91ea515f','2023-06-24 00:31:00.722003','2023-06-24 00:31:00.722003',NULL,'Cursos','orange','6f13702a-58fd-44c1-85ad-8aa3c8c4628a'),
	 ('67b2f0ff-b27c-432a-8098-56715f1bc9e9','2023-06-24 00:31:28.402969','2023-06-24 00:31:28.402969',NULL,'Cursos','orange','c6ecbcf9-067f-48ab-b47a-3dcfd174ee3c'),
	 ('3b3dbba7-70a5-4dd7-b519-4b6af0cab9b2','2023-06-24 00:32:05.937341','2023-06-24 00:32:05.937341',NULL,'Jogos','pink','247cc830-e7db-41f9-a0c5-0a0f4188907c'),
	 ('a9612cfe-138c-46fe-b986-320b8c4babf7','2023-06-24 00:32:19.86064','2023-06-24 00:32:19.86064',NULL,'Jogos','pink','fdd7393f-4e81-4ed8-8b15-512b3f3af06c'),
	 ('78968621-98e9-447a-9f1e-106a1336d130','2023-06-24 00:32:40.832794','2023-06-24 00:32:40.832794',NULL,'Jogos','pink','2dc10cd0-9aec-4511-ad4e-c03a1c073b7d');

INSERT INTO public.expenses (id,"createdAt","updatedAt","deletedAt",value,description,"date","groupId") VALUES
	 ('29972508-dcfa-4556-9829-5b9fbfcb2831','2023-06-24 00:36:25.812699','2023-06-24 00:36:25.812699',NULL,20,'Skyrim SE','2023-02-10','78968621-98e9-447a-9f1e-106a1336d130'),
	 ('282faa84-3e7e-4410-b4f8-59618862c186','2023-06-24 00:36:44.674437','2023-06-24 00:36:44.674437',NULL,40,'Spyro','2023-02-18','78968621-98e9-447a-9f1e-106a1336d130'),
	 ('4b24f8c4-2ed2-4b0a-bff3-357af6897cc3','2023-06-24 00:37:32.878863','2023-06-24 00:37:32.878863',NULL,67,'Call of Duty','2023-01-08','a9612cfe-138c-46fe-b986-320b8c4babf7'),
	 ('d8547709-2a6c-48f2-8c1d-79c502337556','2023-06-24 00:38:21.865962','2023-06-24 00:38:21.865962',NULL,7,'Castle Crashers','2023-01-27','a9612cfe-138c-46fe-b986-320b8c4babf7'),
	 ('b06cfb40-63f9-4d37-86a3-56c9e63dfbba','2023-06-24 00:39:09.138906','2023-06-24 00:39:09.138906',NULL,40,'The Witcher 3','2022-12-12','3b3dbba7-70a5-4dd7-b519-4b6af0cab9b2'),
	 ('349d6cc0-a956-4cff-b1da-5cdbdd883802','2023-06-24 00:39:38.974446','2023-06-24 00:39:38.974446',NULL,32,'Rocket League','2022-12-01','3b3dbba7-70a5-4dd7-b519-4b6af0cab9b2'),
	 ('ee52cfbd-bc52-4236-9b82-8b57f3aaacfd','2023-06-24 00:51:01.804271','2023-06-24 00:51:01.804271',NULL,100,'Culinária Italiana','2023-02-01','67b2f0ff-b27c-432a-8098-56715f1bc9e9'),
	 ('e5d650c7-a618-4c31-97aa-bfc63f0fbeba','2023-06-24 00:51:59.964801','2023-06-24 00:51:59.964801',NULL,70,'Programação com RxJs','2023-02-28','67b2f0ff-b27c-432a-8098-56715f1bc9e9'),
	 ('5eaade27-1ad1-48ba-bd56-500f4bb9cf1b','2023-06-24 00:53:15.750097','2023-06-24 00:53:15.750097',NULL,64,'NestJs Crash Course','2023-01-20','f21d7587-9d89-4da3-9d5f-e0db91ea515f'),
	 ('f2e8e990-5baa-4aca-9838-f5b247113bf3','2023-06-24 00:55:39.538898','2023-06-24 00:55:39.538898',NULL,30,'Probiótico','2022-02-01','ae89d070-d631-48b4-8c57-5e33f3fd7d7a'),
	 ('652a058a-8499-4f47-9abf-9517b5fc84e1','2023-06-24 00:56:18.741693','2023-06-24 00:56:18.741693',NULL,120,'Nex Gard','2023-01-01','ba95cf07-1406-4278-b6dd-e1f9bbb8c9e2');